lex,antonym
able,unable
abaxial,adaxial
acroscopic,basiscopic
abducent,adducent
nascent,dying
abridged,unabridged
absolute,relative
absorbent,nonabsorbent
adsorbent,nonadsorbent
absorbable,adsorbable
abstemious,gluttonous
abstract,concrete
abundant,scarce
abused,unabused
acceptable,unacceptable
accessible,inaccessible
accommodating,unaccommodating
accurate,inaccurate
accustomed,unaccustomed
acidic,alkaline
amphoteric,acidic
acid-loving,alkaline-loving
acknowledged,unacknowledged
acquisitive,unacquisitive
acropetal,basipetal
active,inactive
passive,active
dormant,active
extinct,active
stative,active
quiet,active
actual,potential
acute,chronic
virulent,avirulent
adaptive,maladaptive
addicted,unaddicted
addictive,nonaddictive
additive,subtractive
addressed,unaddressed
adequate,inadequate
adhesive,nonadhesive
adjective,substantive
adoptable,unadoptable
adorned,unadorned
cholinergic,anticholinergic
adroit,maladroit
advantageous,disadvantageous
adventurous,unadventurous
advisable,inadvisable
well-advised,ill-advised
aerobic,anaerobic
aesthetic,inaesthetic
affected,unaffected
affirmative,negative
acceptive,rejective
afloat,aground
afraid,unafraid
aggressive,unaggressive
agitated,unagitated
agreeable,disagreeable
air-to-surface,air-to-air
surface-to-air,air-to-surface
alert,unalert
algorithmic,heuristic
alienable,inalienable
alive,dead
apocrine,eccrine
artesian,subartesian
live,dead
alphabetic,analphabetic
altricial,precocial
altruistic,egoistic
ambiguous,unambiguous
ambitious,unambitious
ametropic,emmetropic
ample,meager
anabolic,catabolic
anaclinal,cataclinal
anastigmatic,astigmatic
anticlinal,synclinal
anadromous,catadromous
diadromous,anadromous
anabatic,katabatic
anal,oral
analogue,digital
analytic,synthetic
inflectional,derivational
apocarpous,syncarpous
angry,unangry
resentful,unresentful
sentient,insentient
animate,inanimate
animated,unanimated
enlivened,unenlivened
anonymous,onymous
antemortem,postmortem
antecedent,subsequent
antrorse,retrorse
aquatic,terrestrial
amphibious,aquatic
preceding,succeeding
precedented,unprecedented
prehensile,nonprehensile
prenatal,perinatal
postnatal,prenatal
preprandial,postprandial
prewar,postwar
retrograde,anterograde
antemeridian,postmeridian
anterior,posterior
dorsal,ventral
appealable,unappealable
appendaged,unappendaged
appetizing,unappetizing
approachable,unapproachable
appropriate,inappropriate
due,undue
apropos,malapropos
a_priori,a_posteriori
apteral,peripteral
arbitrable,nonarbitrable
columned,noncolumned
arboreal,nonarboreal
arenaceous,argillaceous
armed,unarmed
armored,unarmored
armless,armed
artful,artless
articulate,inarticulate
speaking,nonspeaking
articulated,unarticulated
ashamed,unashamed
assertive,unassertive
associative,nonassociative
attached,unattached
affixed,unaffixed
sessile,pedunculate
vagile,sessile
detached,attached
stuck,unstuck
attachable,detachable
wary,unwary
attentive,inattentive
attractive,unattractive
repulsive,attractive
appealing,unappealing
attributable,unattributable
attributive,predicative
pregnant,nonpregnant
audible,inaudible
sonic,subsonic
supersonic,sonic
auspicious,inauspicious
propitious,unpropitious
authorized,unauthorized
constitutional,unconstitutional
autochthonous,allochthonous
autoecious,heteroecious
autogenous,heterogenous
automatic,manual
available,unavailable
awake,asleep
astringent,nonastringent
aware,unaware
witting,unwitting
alarming,unalarming
anemophilous,entomophilous
reassuring,unreassuring
back,front
leading,following
backed,backless
backward,forward
reverse,forward
balconied,unbalconied
barreled,unbarreled
beaked,beakless
bedded,bedless
beneficed,unbeneficed
stratified,unstratified
ferned,fernless
grassy,grassless
gusseted,ungusseted
hairless,hairy
awned,awnless
bearing,nonbearing
beautiful,ugly
bellied,bellyless
banded,unbanded
belted,unbelted
beneficent,maleficent
malicious,unmalicious
benign,malign
best,worst
better,worse
bettering,worsening
bicameral,unicameral
bidirectional,unidirectional
faced,faceless
bibbed,bibless
unilateral,multilateral
bimodal,unimodal
binaural,monaural
binucleate,trinucleate
mononuclear,binucleate
bipedal,quadrupedal
biped,quadruped
black,white
blond,brunet
blemished,unblemished
bloody,bloodless
bold,timid
bound,unbound
laced,unlaced
tied,untied
tangled,untangled
bordered,unbordered
lotic,lentic
lower-class,middle-class
upper-class,lower-class
brachycephalic,dolichocephalic
brave,cowardly
gutsy,gutless
breast-fed,bottle-fed
breathing,breathless
crystalline,noncrystalline
landed,landless
light,dark
shaded,unshaded
moonlit,moonless
bridgeable,unbridgeable
bright,dull
dimmed,undimmed
prejudiced,unprejudiced
broad-minded,narrow-minded
reconstructed,unreconstructed
broken,unbroken
brotherly,sisterly
exergonic,endergonic
fraternal,identical
buried,unburied
busy,idle
bony,boneless
buttoned,unbuttoned
capitalistic,socialistic
cacophonous,euphonious
calculable,incalculable
calm,stormy
camphorated,uncamphorated
capable,incapable
cared-for,uncared-for
careful,careless
carnivorous,herbivorous
omnivorous,insectivorous
holozoic,holophytic
carpellate,acarpelous
carpeted,uncarpeted
carvel-built,clinker-built
carved,uncarved
acatalectic,catalectic
hypercatalectic,acatalectic
cauline,radical
censored,uncensored
caudate,acaudate
caulescent,acaulescent
causative,noncausative
cautious,incautious
cellular,noncellular
coherent,incoherent
compartmented,uncompartmented
porous,nonporous
central,peripheral
centrifugal,centripetal
afferent,efferent
centralizing,decentralizing
certain,uncertain
sure,unsure
convinced,unconvinced
confident,diffident
certified,uncertified
inevitable,evitable
preventable,unpreventable
changeable,unchangeable
commutable,incommutable
alterable,unalterable
modifiable,unmodifiable
adjusted,unadjusted
maladjusted,adjusted
altered,unaltered
amended,unamended
changed,unchanged
isometric,isotonic
ionized,nonionized
mutable,immutable
characteristic,uncharacteristic
charged,uncharged
charitable,uncharitable
chartered,unchartered
owned,unowned
chaste,unchaste
cheerful,depressing
chlamydeous,achlamydeous
chondritic,achondritic
monoclinic,triclinic
monochromatic,polychromatic
chromatic,achromatic
saturated,unsaturated
color,black-and-white
colored,uncolored
stained,unstained
colorful,colorless
colourful,colourless
diatonic,chromatic
cismontane,tramontane
christian,unchristian
civilized,noncivilized
classical,nonclassical
classified,unclassified
analyzed,unanalyzed
clean,dirty
radioactive,nonradioactive
unclean,clean
clear,unclear
opaque,clear
radiolucent,radiopaque
clearheaded,confused
clement,inclement
smart,stupid
clockwise,counterclockwise
far,near
distant,close
cousinly,uncousinly
clothed,unclothed
saddled,unsaddled
cloudy,clear
coastal,inland
inshore,offshore
collapsible,noncollapsible
crannied,uncrannied
collective,distributive
publicized,suppressed
published,unpublished
publishable,unpublishable
reported,unreported
reportable,unreportable
combinative,noncombinative
combustible,noncombustible
explosive,nonexplosive
lighted,unlighted
commodious,incommodious
comfortable,uncomfortable
commensurate,incommensurate
proportionate,disproportionate
commercial,noncommercial
residential,nonresidential
commissioned,noncommissioned
common,uncommon
usual,unusual
hydrophobic,hydrophilic
oleophilic,oleophobic
individual,common
communicative,uncommunicative
compact,loose
comparable,incomparable
compassionate,uncompassionate
compatible,incompatible
miscible,immiscible
competent,incompetent
competitive,noncompetitive
complaining,uncomplaining
compressible,incompressible
whole,fractional
half,whole
committed,uncommitted
dedicated,undedicated
complete,incomplete
comprehensive,noncomprehensive
composed,discomposed
comprehensible,incomprehensible
concave,convex
concentrated,distributed
concentric,eccentric
concerned,unconcerned
concise,prolix
conclusive,inconclusive
consummated,unconsummated
coordinating,subordinating
accordant,discordant
contracted,expanded
atrophied,hypertrophied
conditional,unconditional
enforceable,unenforceable
enforced,unenforced
conductive,nonconductive
confined,unconfined
crowded,uncrowded
congenial,uncongenial
congruent,incongruent
congruous,incongruous
conjunctive,disjunctive
conjunct,disjunct
connected,unconnected
conquerable,unconquerable
conscious,unconscious
consecrated,desecrated
priestly,unpriestly
conservative,liberal
consistent,inconsistent
conspicuous,inconspicuous
discernible,indiscernible
distinguishable,indistinguishable
constant,inconstant
constructive,destructive
contented,discontented
contestable,incontestable
continent,incontinent
continual,sporadic
continuous,discontinuous
continued,discontinued
controlled,uncontrolled
controversial,uncontroversial
argumentative,unargumentative
convenient,inconvenient
conventional,unconventional
conformist,nonconformist
nuclear,conventional
traditional,nontraditional
convergent,divergent
branchy,branchless
convincing,unconvincing
cooked,raw
cooperative,uncooperative
corrupt,incorrupt
synergistic,antagonistic
considerable,inconsiderable
substantial,insubstantial
material,immaterial
bodied,unbodied
brainwashed,unbrainwashed
corporeal,incorporeal
correct,incorrect
right,wrong
corrected,uncorrected
corrigible,incorrigible
cosmopolitan,provincial
costive,laxative
constipated,unconstipated
considerate,inconsiderate
courteous,discourteous
polite,impolite
civil,uncivil
sidereal,civil
creative,uncreative
credible,incredible
credulous,incredulous
critical,uncritical
judgmental,nonjudgmental
noncritical,critical
crossed,uncrossed
cross-eyed,walleyed
crowned,uncrowned
crucial,noncrucial
crystallized,uncrystallized
cubic,linear
planar,cubic
unidimensional,multidimensional
cut,uncut
curious,incurious
current,noncurrent
cursed,blessed
endowed,unendowed
curtained,curtainless
custom-made,ready-made
handmade,machine-made
homemade,factory-made
cyclic,noncyclic
acyclic,cyclic
annual,biennial
perennial,annual
diurnal,nocturnal
damaged,undamaged
datable,undatable
deaf,hearing
decent,indecent
decisive,indecisive
declarative,interrogative
declaratory,interrogatory
declared,undeclared
decorous,indecorous
deductible,nondeductible
deep,shallow
de_facto,de_jure
defeasible,indefeasible
defeated,undefeated
defiant,compliant
defined,undefined
well-defined,ill-defined
derived,underived
inflected,uninflected
definite,indefinite
dehiscent,indehiscent
dejected,elated
delicate,rugged
breakable,unbreakable
demanding,undemanding
imperative,beseeching
democratic,undemocratic
arbitrary,nonarbitrary
demonstrative,undemonstrative
deniable,undeniable
denotative,connotative
reliable,unreliable
dependable,undependable
dependent,independent
partisan,nonpartisan
aligned,nonaligned
descriptive,prescriptive
undescriptive,descriptive
desirable,undesirable
destroyed,preserved
destructible,indestructible
determinable,indeterminable
determinate,indeterminate
developed,undeveloped
dextral,sinistral
diabatic,adiabatic
differentiated,undifferentiated
difficult,easy
digitigrade,plantigrade
dignified,undignified
statesmanlike,unstatesmanlike
presidential,unpresidential
dicotyledonous,monocotyledonous
diligent,negligent
diluted,undiluted
diplomatic,undiplomatic
conciliatory,antagonistic
direct,indirect
alternating,direct
inverse,direct
immediate,mediate
discerning,undiscerning
discreet,indiscreet
discriminate,indiscriminate
discriminating,undiscriminating
disposable,nondisposable
returnable,nonreturnable
distal,proximal
mesial,distal
distinct,indistinct
focused,unfocused
diversified,undiversified
divisible,indivisible
documented,undocumented
domineering,submissive
servile,unservile
dominant,subordinate
recessive,dominant
single-barreled,double-barreled
double-breasted,single-breasted
dramatic,undramatic
actable,unactable
theatrical,untheatrical
drinkable,undrinkable
intoxicated,sober
sharp,dull
eventful,uneventful
lively,dull
dynamic,undynamic
eager,uneager
eared,earless
early,middle
late,early
earned,unearned
uneasy,easy
east,west
western,eastern
ectomorphic,endomorphic
mesomorphic,ectomorphic
edible,inedible
educated,uneducated
numerate,innumerate
operative,inoperative
effective,ineffective
effortful,effortless
efficacious,inefficacious
efficient,inefficient
forceful,forceless
elastic,inelastic
elective,appointive
assigned,unassigned
optional,obligatory
elegant,inelegant
eligible,ineligible
emotional,unemotional
empirical,theoretical
applied,theoretical
salaried,freelance
employed,unemployed
employable,unemployable
enchanted,disenchanted
encouraging,discouraging
encumbered,unencumbered
burdened,unburdened
endocentric,exocentric
endogamous,exogamous
autogamous,endogamous
endoergic,exoergic
endothermic,exothermic
endogenous,exogenous
endogenic,exogenic
end-stopped,run-on
energetic,lethargic
enfranchised,disenfranchised
exportable,unexportable
exploratory,nonexploratory
inquiring,uninquiring
increased,decreased
reducible,irreducible
enlightened,unenlightened
enterprising,unenterprising
enthusiastic,unenthusiastic
desirous,undesirous
entozoic,epizoic
equal,unequal
balanced,unbalanced
hypertonic,hypotonic
equivocal,unequivocal
eradicable,ineradicable
esoteric,exoteric
essential,inessential
dispensable,indispensable
estimable,contemptible
ethical,unethical
complimentary,uncomplimentary
flattering,unflattering
euphemistic,dysphemistic
euphoric,dysphoric
even,uneven
odd,even
evergreen,deciduous
exact,inexact
convertible,inconvertible
exchangeable,unexchangeable
excitable,unexcitable
excited,unexcited
exciting,unexciting
exculpatory,inculpatory
exhaustible,inexhaustible
exhausted,unexhausted
existent,nonexistent
extant,extinct
expected,unexpected
expedient,inexpedient
expendable,unexpendable
expensive,cheap
experienced,inexperienced
expired,unexpired
explicable,inexplicable
explicit,implicit
exploited,unexploited
expressible,inexpressible
extensile,nonextensile
extricable,inextricable
bowed,plucked
fingered,fingerless
expansive,unexpansive
extinguishable,inextinguishable
external,internal
outer,inner
outward,inward
exterior,interior
eyed,eyeless
playable,unplayable
fair,foul
unfair,fair
equitable,inequitable
faithful,unfaithful
loyal,disloyal
fallible,infallible
familiar,unfamiliar
strange,familiar
fashionable,unfashionable
stylish,styleless
fast,slow
fastidious,unfastidious
fat,thin
fatty,nonfat
fatal,nonfatal
curable,incurable
fathomable,unfathomable
favorable,unfavorable
feathered,unfeathered
felicitous,infelicitous
fertile,sterile
finished,unfinished
finite,infinite
opening,closing
first,last
intermediate,terminal
second,first
fissile,nonfissile
fissionable,nonfissionable
fit,unfit
flat,contrasty
flexible,inflexible
uncompromising,compromising
rigid,nonrigid
adaptable,unadaptable
campylotropous,orthotropous
anatropous,amphitropous
curly,straight
footed,footless
toed,toeless
pigeon-toed,splayfooted
fore,aft
forehand,backhand
native,adopted
foreign,native
nonnative,native
domestic,foreign
undomestic,domestic
forgettable,unforgettable
forgiving,unforgiving
formal,informal
former,latter
fortunate,unfortunate
fragrant,malodorous
odorous,odorless
scented,scentless
free,bound
fixed,unfixed
unfree,free
frequent,infrequent
fresh,stale
salty,fresh
friendly,unfriendly
hostile,friendly
frozen,unfrozen
fruitful,unfruitful
full,empty
drained,undrained
full-time,part-time
functional,nonfunctional
functioning,malfunctioning
organic,functional
rigged,unrigged
equipped,unequipped
fledged,unfledged
framed,unframed
furnished,unfurnished
funded,unfunded
fueled,unfueled
specified,unspecified
geared,ungeared
general,specific
nonspecific,specific
national,local
endemic,cosmopolitan
branchiate,abranchiate
federal,unitary
centralized,decentralized
technical,nontechnical
nonproprietary,proprietary
generous,stingy
ungenerous,generous
genuine,counterfeit
geocentric,heliocentric
talented,untalented
glazed,unglazed
glorious,inglorious
go,no-go
good,bad
evil,good
good-natured,ill-natured
graceful,awkward
gracious,ungracious
gradual,sudden
steep,gradual
grammatical,ungrammatical
grateful,ungrateful
haploid,diploid
polyploid,haploid
happy,unhappy
regretful,unregretful
hard,soft
hardhearted,softhearted
alcoholic,nonalcoholic
harmless,harmful
harmonious,inharmonious
healthful,unhealthful
medical,surgical
operable,inoperable
pyretic,antipyretic
healthy,unhealthy
dry,phlegmy
heavenly,earthly
digestible,indigestible
headed,headless
unheaded,headed
heavy,light
weighty,weightless
light-duty,heavy-duty
light-footed,heavy-footed
heedless,heedful
enabling,disabling
helpful,unhelpful
heterodactyl,zygodactyl
heterogeneous,homogeneous
homozygous,heterozygous
heterosexual,homosexual
bisexual,heterosexual
hierarchical,nonhierarchical
high,low
raised,lowered
high-tech,low-tech
necked,neckless
ceilinged,floored
low-sudsing,high-sudsing
low-interest,high-interest
imitative,nonimitative
echoic,nonechoic
high-resolution,low-resolution
high-rise,low-rise
upland,lowland
home,away
homologous,heterologous
autologous,homologous
analogous,homologous
gabled,hipped
hipless,hipped
honest,dishonest
truthful,untruthful
honorable,dishonorable
hopeful,hopeless
institutionalized,noninstitutionalized
institutional,noninstitutional
iodinating,de-iodinating
consolable,inconsolable
horizontal,vertical
inclined,horizontal
erect,unerect
standing,seated
running,standing
passing,running
hospitable,inhospitable
amicable,hostile
hot,cold
vernal,summery
autumnal,wintry
human,nonhuman
superhuman,subhuman
humane,inhumane
humorous,humorless
hungry,thirsty
hurried,unhurried
identifiable,unidentifiable
immanent,transeunt
impaired,unimpaired
important,unimportant
impressive,unimpressive
noticeable,unnoticeable
improved,unimproved
cleared,uncleared
inaugural,exaugural
inboard,outboard
inbred,outbred
disinclined,inclined
incoming,outgoing
inductive,deductive
indulgent,nonindulgent
industrial,nonindustrial
infectious,noninfectious
infernal,supernal
informative,uninformative
gnostic,agnostic
informed,uninformed
ingenuous,disingenuous
inhabited,uninhabited
inheritable,noninheritable
inhibited,uninhibited
injectable,uninjectable
injured,uninjured
innocent,guilty
inspiring,uninspiring
instructive,uninstructive
edifying,unedifying
enlightening,unenlightening
integrated,segregated
nonintegrated,integrated
blended,unblended
combined,uncombined
integrative,disintegrative
intellectual,nonintellectual
intelligent,unintelligent
intelligible,unintelligible
intended,unintended
designed,undesigned
intensifying,moderating
interspecies,intraspecies
interested,uninterested
interesting,uninteresting
intramural,extramural
intra_vires,ultra_vires
intrinsic,extrinsic
introspective,extrospective
introversive,extroversive
ambiversive,introversive
intrusive,unintrusive
protrusive,intrusive
igneous,aqueous
extrusive,intrusive
invasive,confined
noninvasive,invasive
invigorating,debilitating
inviting,uninviting
in_vitro,in_vivo
ironed,unironed
wrinkled,unwrinkled
isotropic,anisotropic
glad,sad
joyful,sorrowful
joyous,joyless
juicy,juiceless
just,unjust
merited,unmerited
keyed,keyless
kind,unkind
knowable,unknowable
known,unknown
understood,ununderstood
labeled,unlabeled
lamented,unlamented
laureled,unlaureled
large,small
big,little
greater,lesser
lawful,unlawful
leaded,unleaded
leaky,tight
caulked,uncaulked
leavened,unleavened
leeward,windward
legal,illegal
legible,illegible
deciphered,undeciphered
biological,adoptive
legitimate,illegitimate
leptorrhine,catarrhine
platyrrhine,catarrhine
leptosporangiate,eusporangiate
like,unlike
alike,unalike
likely,unlikely
probable,improbable
limbed,limbless
limited,unlimited
lineal,collateral
nonlinear,linear
lined,unlined
listed,unlisted
literal,figurative
literate,illiterate
recorded,live
livable,unlivable
liveried,unliveried
loaded,unloaded
loamy,loamless
epidemic,endemic
ecdemic,endemic
gloved,gloveless
hatted,hatless
guided,unguided
legged,legless
logical,illogical
extended,unextended
mini,midi
maxi,mini
lossy,lossless
long,short
lengthwise,crosswise
lidded,lidless
constricted,unconstricted
lost,found
saved,lost
won,lost
loud,soft
piano,forte
hardened,soft
lovable,hateful
liked,disliked
loved,unloved
loving,unloving
lowercase,uppercase
lucky,unlucky
lyric,dramatic
made,unmade
magnetic,antimagnetic
geographic,magnetic
nonmagnetic,magnetic
major,minor
majuscule,minuscule
manageable,unmanageable
manly,unmanly
male,female
androgynous,male
manned,unmanned
marked,unmarked
branded,unbranded
married,unmarried
mated,unmated
masculine,feminine
womanly,unwomanly
neuter,masculine
matched,mismatched
mature,immature
ripe,green
seasonal,year-round
seasonable,unseasonable
seasoned,unseasoned
full-term,premature
maximal,minimal
maximum,minimum
meaningful,meaningless
measurable,immeasurable
meaty,meatless
mechanical,nonmechanical
melodious,unmelodious
tuneful,tuneless
membered,memberless
mined,unmined
musical,unmusical
melted,unmelted
merciful,merciless
metabolic,ametabolic
mild,intense
intensive,extensive
involved,uninvolved
military,civilian
unmilitary,military
mitigated,unmitigated
tempered,untempered
mobile,immobile
portable,unportable
removable,irremovable
metallic,nonmetallic
metamorphic,nonmetamorphic
moderate,immoderate
modern,nonmodern
modest,immodest
modified,unmodified
modulated,unmodulated
molar,molecular
monoclinous,diclinous
monoecious,dioecious
monophonic,polyphonic
monogamous,polygamous
monolingual,multilingual
monovalent,polyvalent
univalent,bivalent
multivalent,univalent
monotonic,nonmonotonic
moral,immoral
licit,illicit
principled,unprincipled
many,few
much,little
more,less
most,least
fewer,more
fewest,most
mortal,immortal
motivated,unmotivated
motorized,unmotorized
moved,unmoved
moving,unmoving
nonmoving,moving
still,moving
mown,unmown
seamanlike,unseamanlike
continental,intercontinental
international,national
interstate,intrastate
natural,unnatural
artificial,natural
supernatural,natural
ultimate,proximate
necessary,unnecessary
net,gross
neurotic,unneurotic
nice,nasty
nidicolous,nidifugous
noble,ignoble
lowborn,noble
normal,abnormal
hypertensive,hypotensive
normotensive,hypertensive
paranormal,normal
north,south
northern,southern
nosed,noseless
noticed,unnoticed
detected,undetected
determined,undetermined
noxious,innocuous
obedient,disobedient
obtrusive,unobtrusive
objective,subjective
obligated,unobligated
obligate,facultative
obvious,unobvious
obstructed,unobstructed
occupied,unoccupied
offensive,inoffensive
savory,unsavory
defensive,offensive
offending,unoffending
apologetic,unapologetic
official,unofficial
confirmed,unconfirmed
established,unestablished
conditioned,unconditioned
on-site,off-site
offstage,onstage
off-street,on-street
old,new
young,old
one-piece,two-piece
three-piece,one-piece
on-line,off-line
on,off
onside,offside
open,shut
closed,open
spaced,unspaced
enclosed,unenclosed
tanned,untanned
tapped,untapped
operational,nonoperational
opportune,inopportune
opposable,unopposable
opposed,unopposed
opposite,alternate
optimistic,pessimistic
aboral,oral
actinal,abactinal
orderly,disorderly
ordered,disordered
organized,disorganized
unorganized,organized
structured,unstructured
ordinary,extraordinary
inorganic,organic
holistic,atomistic
arranged,disarranged
oriented,unoriented
orienting,disorienting
original,unoriginal
orthodox,unorthodox
outdoor,indoor
outside,inside
covered,bare
coated,uncoated
roofed,roofless
leafy,leafless
lipped,lipless
overt,covert
paid,unpaid
painful,painless
painted,unpainted
delineated,undelineated
paintable,unpaintable
palatable,unpalatable
palpable,impalpable
parallel,perpendicular
oblique,parallel
pardonable,unpardonable
excusable,inexcusable
parental,filial
partial,impartial
particulate,nonparticulate
passable,impassable
passionate,passionless
past,present
future,past
born,unborn
parented,unparented
paternal,maternal
wifely,husbandly
patient,impatient
patriarchal,matriarchal
patronized,unpatronized
packaged,unpackaged
paved,unpaved
patriotic,unpatriotic
peaceful,unpeaceful
penitent,impenitent
repentant,unrepentant
perceptive,unperceptive
perceptible,imperceptible
perfect,imperfect
perishable,imperishable
permanent,impermanent
persistent,caducous
reversible,irreversible
nonreversible,reversible
revocable,irrevocable
permissible,impermissible
admissible,inadmissible
permissive,unpermissive
preventive,permissive
perplexed,unperplexed
personal,impersonal
persuasive,dissuasive
penetrable,impenetrable
permeable,impermeable
pervious,impervious
petalous,apetalous
puncturable,punctureless
psychoactive,nonpsychoactive
physical,mental
monotheistic,polytheistic
pious,impious
secular,religious
irreligious,religious
placable,implacable
plain,patterned
fancy,plain
planned,unplanned
studied,unstudied
plausible,implausible
pleasant,unpleasant
pleased,displeased
pleasing,displeasing
pointed,pointless
obtuse,acute
polished,unpolished
politic,impolitic
political,nonpolitical
ponderable,imponderable
popular,unpopular
pro,anti
positive,negative
neutral,positive
plus,minus
possible,impossible
potent,impotent
powerful,powerless
powered,unpowered
high-tension,low-tension
influential,uninfluential
placental,aplacental
planted,unplanted
plowed,unplowed
cultivated,uncultivated
potted,unpotted
practical,impractical
precise,imprecise
precocious,retarded
predictable,unpredictable
premeditated,unpremeditated
prepared,unprepared
prescription,nonprescription
absent,present
ostentatious,unostentatious
pretentious,unpretentious
primary,secondary
basic,incidental
private,public
exclusive,inclusive
privileged,underprivileged
productive,unproductive
generative,consumptive
reproducible,unreproducible
professional,nonprofessional
unprofessional,professional
profitable,unprofitable
profound,superficial
prognathous,opisthognathous
progressive,regressive
pronounceable,unpronounceable
proper,improper
prophetic,unprophetic
prospective,retrospective
protected,unprotected
protective,unprotective
proud,humble
proved,unproved
provident,improvident
provocative,unprovocative
prudent,imprudent
punctual,unpunctual
punished,unpunished
punitive,rehabilitative
purebred,crossbred
pure,impure
contaminated,uncontaminated
purposeful,purposeless
qualified,unqualified
trained,untrained
qualitative,quantitative
questionable,unquestionable
noisy,quiet
restful,restless
unquiet,quiet
random,nonrandom
rational,irrational
cerebral,emotional
racial,nonracial
reactive,unreactive
ready,unready
real,unreal
nominal,real
realistic,unrealistic
reasonable,unreasonable
reciprocal,nonreciprocal
refined,unrefined
processed,unprocessed
treated,untreated
oiled,unoiled
recoverable,unrecoverable
regenerate,unregenerate
registered,unregistered
regular,irregular
regulated,unregulated
remediable,irremediable
renewable,unrenewable
rentable,unrentable
reparable,irreparable
repeatable,unrepeatable
quotable,unquotable
repetitive,nonrepetitive
printable,unprintable
requested,unrequested
rhymed,unrhymed
uniform,multiform
periodic,aperiodic
related,unrelated
relevant,irrelevant
mindful,unmindful
replaceable,irreplaceable
representational,nonrepresentational
representative,nonrepresentative
reputable,disreputable
receptive,unreceptive
reconcilable,irreconcilable
reserved,unreserved
resistible,irresistible
resolute,irresolute
respectable,unrespectable
respectful,disrespectful
responsible,irresponsible
responsive,unresponsive
restrained,unrestrained
restricted,unrestricted
restrictive,unrestrictive
retentive,unretentive
reticulate,nonreticulate
retractile,nonretractile
reflective,nonreflective
reflected,unreflected
reverberant,unreverberant
reverent,irreverent
revived,unrevived
awakened,unawakened
awed,unawed
revolutionary,counterrevolutionary
rewarding,unrewarding
rhetorical,unrhetorical
rhythmical,unrhythmical
ribbed,ribless
rich,poor
moneyed,moneyless
solvent,insolvent
lean,rich
rimmed,rimless
handed,handless
handled,handleless
right-handed,left-handed
ambidextrous,right-handed
left,center
horned,hornless
righteous,unrighteous
robust,frail
round,square
rounded,angular
oblate,prolate
rural,urban
rusted,rustless
holy,unholy
sacred,profane
sadistic,masochistic
safe,dangerous
out,safe
salable,unsalable
same,different
other,same
similar,dissimilar
sane,insane
satiate,insatiate
sarcastic,unsarcastic
satisfactory,unsatisfactory
scalable,unscalable
scholarly,unscholarly
scientific,unscientific
scrupulous,unscrupulous
conscientious,unconscientious
sealed,unsealed
wrapped,unwrapped
seaworthy,unseaworthy
airworthy,unairworthy
concealed,unconcealed
concealing,revealing
sectarian,nonsectarian
secure,insecure
fastened,unfastened
insured,uninsured
seductive,unseductive
selfish,unselfish
senior,junior
sensational,unsensational
sensible,insensible
sensitive,insensitive
sensitizing,desensitizing
sensory,extrasensory
sent,unsent
separate,joint
sanitary,unsanitary
septic,antiseptic
germfree,germy
adulterating,purifying
serious,frivolous
playful,unplayful
selected,unselected
serviceable,unserviceable
resident,nonresident
settled,unsettled
migratory,nonmigratory
sexy,unsexy
sexual,asexual
castrated,uncastrated
aphrodisiac,anaphrodisiac
estrous,anestrous
shapely,unshapely
breasted,breastless
formed,unformed
shared,unshared
shaven,unshaven
sheared,unsheared
sheathed,unsheathed
shockable,unshockable
shod,unshod
calced,discalced
nearsighted,farsighted
shrinkable,unshrinkable
sighted,blind
signed,unsigned
significant,insignificant
nonsignificant,significant
silenced,unsilenced
simple,compound
complex,simple
sincere,insincere
singular,plural
cardinal,ordinal
scripted,unscripted
sinkable,unsinkable
single,multiple
double,single
multiple-choice,true-false
single-lane,multilane
sized,unsized
skilled,unskilled
verbal,numerical
coarse,fine
smoky,smokeless
slippery,nonslippery
lubricated,unlubricated
smooth,rough
furrowed,unfurrowed
rifled,unrifled
social,unsocial
accompanied,unaccompanied
gregarious,ungregarious
seamed,seamless
seeded,unseeded
seedy,seedless
shuttered,unshuttered
sleeved,sleeveless
sociable,unsociable
sold,unsold
soled,soleless
solid,liquid
gaseous,solid
hollow,solid
soluble,insoluble
solved,unsolved
some,no
all,some
sophisticated,naive
sound,unsound
effervescent,noneffervescent
sparkling,still
specialized,unspecialized
spinous,spineless
spirited,spiritless
spontaneous,induced
spoken,written
voiced,unvoiced
unwritten,written
vocalic,consonantal
stoppable,unstoppable
syllabic,nonsyllabic
accentual,quantitative
stable,unstable
staccato,legato
staged,unstaged
standard,nonstandard
starchy,starchless
starry,starless
nourished,malnourished
steady,unsteady
stemmed,stemless
stimulating,unstimulating
depressant,stimulative
stomatous,astomatous
crooked,straight
curved,straight
coiled,uncoiled
stressed,unstressed
tonic,atonic
strong,weak
stubborn,docile
insubordinate,subordinate
successful,unsuccessful
sufficient,insufficient
sugary,sugarless
superior,inferior
superjacent,subjacent
superscript,subscript
adscript,superscript
supervised,unsupervised
supported,unsupported
assisted,unassisted
supportive,unsupportive
surmountable,insurmountable
surprised,unsurprised
surprising,unsurprising
susceptible,unsusceptible
impressionable,unimpressionable
exempt,nonexempt
scheduled,unscheduled
sweet,dry
sour,sweet
soured,unsoured
suspected,unsuspected
swept,unswept
sworn,unsworn
symmetrical,asymmetrical
actinomorphic,zygomorphic
sympathetic,unsympathetic
sympatric,allopatric
synchronic,diachronic
synchronous,asynchronous
syndetic,asyndetic
synonymous,antonymous
systematic,unsystematic
taciturn,voluble
tactful,tactless
tall,short
tame,wild
tangible,intangible
tasteful,tasteless
tasty,tasteless
taxable,nontaxable
temperate,intemperate
tense,lax
relaxed,tense
territorial,extraterritorial
nonterritorial,territorial
thermoplastic,thermosetting
thick,thin
thinkable,unthinkable
thoughtful,thoughtless
thrifty,wasteful
tidy,untidy
groomed,ungroomed
combed,uncombed
timbered,untimbered
toned,toneless
tongued,tongueless
tipped,untipped
tired,rested
tolerable,intolerable
tolerant,intolerant
tonal,atonal
toothed,toothless
top,bottom
side,top
topped,topless
bottomed,bottomless
top-down,bottom-up
equatorial,polar
testate,intestate
touched,untouched
tough,tender
toxic,nontoxic
tractable,intractable
table_d'hote,a_la_carte
traceable,untraceable
tracked,trackless
traveled,untraveled
trimmed,untrimmed
troubled,untroubled
true,false
trustful,distrustful
trustworthy,untrustworthy
tubed,tubeless
tucked,untucked
turned,unturned
typical,atypical
underhand,overhand
surface,subsurface
overhead,surface
submersible,nonsubmersible
tearful,tearless
union,nonunion
uniparous,multiparous
unipolar,bipolar
united,divided
adnate,connate
univalve,bivalve
ascending,descending
rising,falling
climactic,anticlimactic
upmarket,downmarket
transitive,intransitive
translatable,untranslatable
ungulate,unguiculate
up,down
upstage,downstage
upstairs,downstairs
upstream,downstream
uptown,downtown
used,misused
useful,useless
utopian,dystopian
valid,invalid
valuable,worthless
variable,invariable
varied,unvaried
veiled,unveiled
ventilated,unventilated
vertebrate,invertebrate
violable,inviolable
violent,nonviolent
virtuous,wicked
visible,invisible
viviparous,oviparous
ovoviviparous,viviparous
volatile,nonvolatile
voluntary,involuntary
vulnerable,invulnerable
wanted,unwanted
warm,cool
warm-blooded,cold-blooded
warmhearted,coldhearted
washable,nonwashable
waxed,unwaxed
waxing,waning
increasing,decreasing
inflationary,deflationary
weaned,unweaned
wearable,unwearable
weedy,weedless
welcome,unwelcome
well,ill
wet,dry
hydrous,anhydrous
wheeled,wheelless
white-collar,blue-collar
wholesome,unwholesome
wide,narrow
wieldy,unwieldy
wigged,wigless
willing,unwilling
winged,wingless
wired,wireless
wise,foolish
wooded,unwooded
woody,nonwoody
worldly,unworldly
woven,unwoven
worn,new
worthy,unworthy
xeric,hydric
mesic,xeric
zonal,azonal
acrocarpous,pleurocarpous
cursorial,fossorial
homocercal,heterocercal
webbed,unwebbed
faceted,unfaceted
ipsilateral,contralateral
salient,re-entrant
proactive,retroactive
rh-positive,rh-negative
categorematic,syncategorematic
idiographic,nomothetic
pro-choice,pro-life
baptized,unbaptized
malignant,benign
calcicolous,calcifugous
invertible,non-invertible
immunocompetent,immunodeficient
allogeneic,xenogeneic
long-spurred,short-spurred
shelled,unshelled
jawed,jawless
skinned,skinless
flowering,flowerless
abient,adient
anodic,cathodic
autotrophic,heterotrophic
bracteate,ebracteate
extracellular,intracellular
cenobitic,eremitic
cenogenetic,palingenetic
chromatinic,achromatinic
directional,omnidirectional
dysgenic,eugenic
febrile,afebrile
fictional,nonfictional
fretted,unfretted
harmonic,nonharmonic
ionic,nonionic
myelinated,unmyelinated
paradigmatic,syntagmatic
passerine,nonpasserine
photosynthetic,nonphotosynthetic
ruminant,nonruminant
spherical,nonspherical
steroidal,nonsteroidal
suppurative,nonsuppurative
unthematic,thematic
thermal,nonthermal
vocal,instrumental
hydrostatic,hydrokinetic
spatial,nonspatial
linguistic,nonlinguistic
caudal,cephalic
financial,nonfinancial
eukaryotic,prokaryotic
eucaryotic,procaryotic
vascular,avascular
uninucleate,multinucleate
nonsurgical,surgical
endocrine,exocrine
historical,ahistorical
anti-American,pro-American
anionic,cationic
accusatorial,inquisitorial
prenuptial,postnuptial
interdepartmental,intradepartmental
homeopathic,allopathic
nontranslational,translational
avenged,unavenged
collected,uncollected
gathered,ungathered
contested,uncontested
filled,unfilled
malted,unmalted
posed,unposed
saponified,unsaponified
