axis,count
able<-v->unable,106
abaxial<-v->adaxial,0
acroscopic<-v->basiscopic,0
abducent<-v->adducent,0
nascent<-v->dying,2
abridged<-v->unabridged,0
absolute<-v->relative,42
absorbent<-v->nonabsorbent,0
adsorbent<-v->nonadsorbent,0
absorbable<-v->adsorbable,0
abstemious<-v->gluttonous,0
abstract<-v->concrete,15
abundant<-v->scarce,1
abused<-v->unabused,1
acceptable<-v->unacceptable,3
accessible<-v->inaccessible,0
accommodating<-v->unaccommodating,0
accurate<-v->inaccurate,14
accustomed<-v->unaccustomed,7
acidic<-v->alkaline,2
amphoteric<-v->acidic,0
acid-loving<-v->alkaline-loving,0
acknowledged<-v->unacknowledged,0
acquisitive<-v->unacquisitive,0
acropetal<-v->basipetal,0
active<-v->inactive,37
passive<-v->active,39
dormant<-v->active,33
extinct<-v->active,33
stative<-v->active,33
quiet<-v->active,61
actual<-v->potential,48
acute<-v->chronic,14
virulent<-v->avirulent,1
adaptive<-v->maladaptive,0
addicted<-v->unaddicted,1
addictive<-v->nonaddictive,0
additive<-v->subtractive,0
addressed<-v->unaddressed,1
adequate<-v->inadequate,36
adhesive<-v->nonadhesive,0
adjective<-v->substantive,1
adoptable<-v->unadoptable,0
adorned<-v->unadorned,0
cholinergic<-v->anticholinergic,0
adroit<-v->maladroit,1
advantageous<-v->disadvantageous,1
adventurous<-v->unadventurous,1
advisable<-v->inadvisable,2
well-advised<-v->ill-advised,0
aerobic<-v->anaerobic,2
aesthetic<-v->inaesthetic,12
affected<-v->unaffected,8
affirmative<-v->negative,15
acceptive<-v->rejective,0
afloat<-v->aground,1
afraid<-v->unafraid,34
aggressive<-v->unaggressive,6
agitated<-v->unagitated,3
agreeable<-v->disagreeable,0
air-to-surface<-v->air-to-air,0
surface-to-air<-v->air-to-surface,0
alert<-v->unalert,7
algorithmic<-v->heuristic,0
alienable<-v->inalienable,0
alive<-v->dead,97
apocrine<-v->eccrine,0
artesian<-v->subartesian,0
live<-v->dead,86
alphabetic<-v->analphabetic,0
altricial<-v->precocial,0
altruistic<-v->egoistic,0
ambiguous<-v->unambiguous,17
ambitious<-v->unambitious,9
ametropic<-v->emmetropic,0
ample<-v->meager,14
anabolic<-v->catabolic,0
anaclinal<-v->cataclinal,0
anastigmatic<-v->astigmatic,0
anticlinal<-v->synclinal,0
anadromous<-v->catadromous,0
diadromous<-v->anadromous,0
anabatic<-v->katabatic,0
anal<-v->oral,6
analogue<-v->digital,0
analytic<-v->synthetic,20
inflectional<-v->derivational,0
apocarpous<-v->syncarpous,0
angry<-v->unangry,18
resentful<-v->unresentful,4
sentient<-v->insentient,1
animate<-v->inanimate,2
animated<-v->unanimated,2
enlivened<-v->unenlivened,0
anonymous<-v->onymous,8
antemortem<-v->postmortem,0
antecedent<-v->subsequent,5
antrorse<-v->retrorse,0
aquatic<-v->terrestrial,2
amphibious<-v->aquatic,0
preceding<-v->succeeding,10
precedented<-v->unprecedented,5
prehensile<-v->nonprehensile,0
prenatal<-v->perinatal,0
postnatal<-v->prenatal,0
preprandial<-v->postprandial,0
prewar<-v->postwar,5
retrograde<-v->anterograde,0
antemeridian<-v->postmeridian,0
anterior<-v->posterior,8
dorsal<-v->ventral,0
appealable<-v->unappealable,0
appendaged<-v->unappendaged,0
appetizing<-v->unappetizing,0
approachable<-v->unapproachable,1
appropriate<-v->inappropriate,31
due<-v->undue,10
apropos<-v->malapropos,0
a_priori<-v->a_posteriori,0
apteral<-v->peripteral,0
arbitrable<-v->nonarbitrable,0
columned<-v->noncolumned,1
arboreal<-v->nonarboreal,1
arenaceous<-v->argillaceous,0
armed<-v->unarmed,11
armored<-v->unarmored,2
armless<-v->armed,10
artful<-v->artless,0
articulate<-v->inarticulate,1
speaking<-v->nonspeaking,0
articulated<-v->unarticulated,0
ashamed<-v->unashamed,5
assertive<-v->unassertive,1
associative<-v->nonassociative,0
attached<-v->unattached,2
affixed<-v->unaffixed,6
sessile<-v->pedunculate,0
vagile<-v->sessile,0
detached<-v->attached,8
stuck<-v->unstuck,0
attachable<-v->detachable,1
wary<-v->unwary,2
attentive<-v->inattentive,2
attractive<-v->unattractive,9
repulsive<-v->attractive,8
appealing<-v->unappealing,4
attributable<-v->unattributable,4
attributive<-v->predicative,0
pregnant<-v->nonpregnant,4
audible<-v->inaudible,4
sonic<-v->subsonic,0
supersonic<-v->sonic,2
auspicious<-v->inauspicious,0
propitious<-v->unpropitious,1
authorized<-v->unauthorized,2
constitutional<-v->unconstitutional,1
autochthonous<-v->allochthonous,0
autoecious<-v->heteroecious,0
autogenous<-v->heterogenous,0
automatic<-v->manual,13
available<-v->unavailable,95
awake<-v->asleep,18
astringent<-v->nonastringent,1
aware<-v->unaware,48
witting<-v->unwitting,1
alarming<-v->unalarming,0
anemophilous<-v->entomophilous,0
reassuring<-v->unreassuring,2
back<-v->front,33
leading<-v->following,13
backed<-v->backless,0
backward<-v->forward,10
reverse<-v->forward,9
balconied<-v->unbalconied,0
barreled<-v->unbarreled,0
beaked<-v->beakless,0
bedded<-v->bedless,0
beneficed<-v->unbeneficed,0
stratified<-v->unstratified,1
ferned<-v->fernless,0
grassy<-v->grassless,0
gusseted<-v->ungusseted,0
hairless<-v->hairy,3
awned<-v->awnless,0
bearing<-v->nonbearing,0
beautiful<-v->ugly,28
bellied<-v->bellyless,0
banded<-v->unbanded,0
belted<-v->unbelted,0
beneficent<-v->maleficent,0
malicious<-v->unmalicious,1
benign<-v->malign,1
best<-v->worst,103
better<-v->worse,115
bettering<-v->worsening,0
bicameral<-v->unicameral,0
bidirectional<-v->unidirectional,0
faced<-v->faceless,2
bibbed<-v->bibless,0
unilateral<-v->multilateral,2
bimodal<-v->unimodal,0
binaural<-v->monaural,1
binucleate<-v->trinucleate,0
mononuclear<-v->binucleate,1
bipedal<-v->quadrupedal,0
biped<-v->quadruped,0
black<-v->white,144
blond<-v->brunet,2
blemished<-v->unblemished,0
bloody<-v->bloodless,9
bold<-v->timid,15
bound<-v->unbound,13
laced<-v->unlaced,1
tied<-v->untied,3
tangled<-v->untangled,7
bordered<-v->unbordered,0
lotic<-v->lentic,0
lower-class<-v->middle-class,17
upper-class<-v->lower-class,2
brachycephalic<-v->dolichocephalic,0
brave<-v->cowardly,13
gutsy<-v->gutless,0
breast-fed<-v->bottle-fed,0
breathing<-v->breathless,7
crystalline<-v->noncrystalline,0
landed<-v->landless,0
light<-v->dark,139
shaded<-v->unshaded,4
moonlit<-v->moonless,1
bridgeable<-v->unbridgeable,0
bright<-v->dull,51
dimmed<-v->undimmed,0
prejudiced<-v->unprejudiced,1
broad-minded<-v->narrow-minded,0
reconstructed<-v->unreconstructed,6
broken<-v->unbroken,22
brotherly<-v->sisterly,1
exergonic<-v->endergonic,0
fraternal<-v->identical,21
buried<-v->unburied,0
busy<-v->idle,39
bony<-v->boneless,2
buttoned<-v->unbuttoned,2
capitalistic<-v->socialistic,4
cacophonous<-v->euphonious,0
calculable<-v->incalculable,1
calm<-v->stormy,14
camphorated<-v->uncamphorated,0
capable<-v->incapable,35
cared-for<-v->uncared-for,0
careful<-v->careless,26
carnivorous<-v->herbivorous,0
omnivorous<-v->insectivorous,0
holozoic<-v->holophytic,0
carpellate<-v->acarpelous,0
carpeted<-v->uncarpeted,2
carvel-built<-v->clinker-built,0
carved<-v->uncarved,2
acatalectic<-v->catalectic,0
hypercatalectic<-v->acatalectic,0
cauline<-v->radical,10
censored<-v->uncensored,0
caudate<-v->acaudate,0
caulescent<-v->acaulescent,0
causative<-v->noncausative,1
cautious<-v->incautious,2
cellular<-v->noncellular,0
coherent<-v->incoherent,6
compartmented<-v->uncompartmented,0
porous<-v->nonporous,11
central<-v->peripheral,21
centrifugal<-v->centripetal,0
afferent<-v->efferent,1
centralizing<-v->decentralizing,0
certain<-v->uncertain,168
sure<-v->unsure,80
convinced<-v->unconvinced,3
confident<-v->diffident,8
certified<-v->uncertified,4
inevitable<-v->evitable,8
preventable<-v->unpreventable,0
changeable<-v->unchangeable,1
commutable<-v->incommutable,0
alterable<-v->unalterable,1
modifiable<-v->unmodifiable,0
adjusted<-v->unadjusted,16
maladjusted<-v->adjusted,4
altered<-v->unaltered,1
amended<-v->unamended,2
changed<-v->unchanged,7
isometric<-v->isotonic,4
ionized<-v->nonionized,2
mutable<-v->immutable,0
characteristic<-v->uncharacteristic,22
charged<-v->uncharged,12
charitable<-v->uncharitable,3
chartered<-v->unchartered,0
owned<-v->unowned,1
chaste<-v->unchaste,0
cheerful<-v->depressing,4
chlamydeous<-v->achlamydeous,0
chondritic<-v->achondritic,0
monoclinic<-v->triclinic,0
monochromatic<-v->polychromatic,0
chromatic<-v->achromatic,0
saturated<-v->unsaturated,3
color<-v->black-and-white,4
colored<-v->uncolored,25
stained<-v->unstained,13
colorful<-v->colorless,9
colourful<-v->colourless,0
diatonic<-v->chromatic,0
cismontane<-v->tramontane,0
christian<-v->unchristian,37
civilized<-v->noncivilized,3
classical<-v->nonclassical,10
classified<-v->unclassified,2
analyzed<-v->unanalyzed,0
clean<-v->dirty,37
radioactive<-v->nonradioactive,3
unclean<-v->clean,24
clear<-v->unclear,80
opaque<-v->clear,83
radiolucent<-v->radiopaque,0
clearheaded<-v->confused,14
clement<-v->inclement,0
smart<-v->stupid,26
clockwise<-v->counterclockwise,1
far<-v->near,70
distant<-v->close,112
cousinly<-v->uncousinly,1
clothed<-v->unclothed,1
saddled<-v->unsaddled,0
cloudy<-v->clear,81
coastal<-v->inland,2
inshore<-v->offshore,0
collapsible<-v->noncollapsible,1
crannied<-v->uncrannied,0
collective<-v->distributive,8
publicized<-v->suppressed,1
published<-v->unpublished,4
publishable<-v->unpublishable,0
reported<-v->unreported,2
reportable<-v->unreportable,0
combinative<-v->noncombinative,0
combustible<-v->noncombustible,0
explosive<-v->nonexplosive,6
lighted<-v->unlighted,12
commodious<-v->incommodious,0
comfortable<-v->uncomfortable,23
commensurate<-v->incommensurate,3
proportionate<-v->disproportionate,5
commercial<-v->noncommercial,24
residential<-v->nonresidential,18
commissioned<-v->noncommissioned,1
common<-v->uncommon,75
usual<-v->unusual,57
hydrophobic<-v->hydrophilic,4
oleophilic<-v->oleophobic,4
individual<-v->common,123
communicative<-v->uncommunicative,3
compact<-v->loose,10
comparable<-v->incomparable,12
compassionate<-v->uncompassionate,0
compatible<-v->incompatible,8
miscible<-v->immiscible,0
competent<-v->incompetent,10
competitive<-v->noncompetitive,18
complaining<-v->uncomplaining,0
compressible<-v->incompressible,0
whole<-v->fractional,110
half<-v->whole,142
committed<-v->uncommitted,3
dedicated<-v->undedicated,3
complete<-v->incomplete,80
comprehensive<-v->noncomprehensive,8
composed<-v->discomposed,2
comprehensible<-v->incomprehensible,2
concave<-v->convex,4
concentrated<-v->distributed,12
concentric<-v->eccentric,5
concerned<-v->unconcerned,31
concise<-v->prolix,1
conclusive<-v->inconclusive,3
consummated<-v->unconsummated,1
coordinating<-v->subordinating,0
accordant<-v->discordant,0
contracted<-v->expanded,3
atrophied<-v->hypertrophied,2
conditional<-v->unconditional,2
enforceable<-v->unenforceable,1
enforced<-v->unenforced,1
conductive<-v->nonconductive,0
confined<-v->unconfined,0
crowded<-v->uncrowded,12
congenial<-v->uncongenial,0
congruent<-v->incongruent,0
congruous<-v->incongruous,0
conjunctive<-v->disjunctive,0
conjunct<-v->disjunct,0
connected<-v->unconnected,8
conquerable<-v->unconquerable,1
conscious<-v->unconscious,20
consecrated<-v->desecrated,0
priestly<-v->unpriestly,0
conservative<-v->liberal,29
consistent<-v->inconsistent,9
conspicuous<-v->inconspicuous,2
discernible<-v->indiscernible,4
distinguishable<-v->indistinguishable,5
constant<-v->inconstant,16
constructive<-v->destructive,11
contented<-v->discontented,4
contestable<-v->incontestable,0
continent<-v->incontinent,0
continual<-v->sporadic,7
continuous<-v->discontinuous,20
continued<-v->discontinued,12
controlled<-v->uncontrolled,6
controversial<-v->uncontroversial,1
argumentative<-v->unargumentative,1
convenient<-v->inconvenient,17
conventional<-v->unconventional,19
conformist<-v->nonconformist,0
nuclear<-v->conventional,37
traditional<-v->nontraditional,26
convergent<-v->divergent,2
branchy<-v->branchless,0
convincing<-v->unconvincing,6
cooked<-v->raw,14
cooperative<-v->uncooperative,12
corrupt<-v->incorrupt,3
synergistic<-v->antagonistic,3
considerable<-v->inconsiderable,33
substantial<-v->insubstantial,24
material<-v->immaterial,11
bodied<-v->unbodied,0
brainwashed<-v->unbrainwashed,0
corporeal<-v->incorporeal,1
correct<-v->incorrect,13
right<-v->wrong,110
corrected<-v->uncorrected,0
corrigible<-v->incorrigible,0
cosmopolitan<-v->provincial,5
costive<-v->laxative,0
constipated<-v->unconstipated,0
considerate<-v->inconsiderate,2
courteous<-v->discourteous,2
polite<-v->impolite,4
civil<-v->uncivil,8
sidereal<-v->civil,8
creative<-v->uncreative,16
credible<-v->incredible,12
credulous<-v->incredulous,0
critical<-v->uncritical,24
judgmental<-v->nonjudgmental,0
noncritical<-v->critical,23
crossed<-v->uncrossed,1
cross-eyed<-v->walleyed,0
crowned<-v->uncrowned,1
crucial<-v->noncrucial,7
crystallized<-v->uncrystallized,0
cubic<-v->linear,7
planar<-v->cubic,2
unidimensional<-v->multidimensional,1
cut<-v->uncut,5
curious<-v->incurious,27
current<-v->noncurrent,17
cursed<-v->blessed,5
endowed<-v->unendowed,1
curtained<-v->curtainless,1
custom-made<-v->ready-made,1
handmade<-v->machine-made,2
homemade<-v->factory-made,1
cyclic<-v->noncyclic,0
acyclic<-v->cyclic,0
annual<-v->biennial,1
perennial<-v->annual,3
diurnal<-v->nocturnal,1
damaged<-v->undamaged,1
datable<-v->undatable,0
deaf<-v->hearing,7
decent<-v->indecent,7
decisive<-v->indecisive,9
declarative<-v->interrogative,1
declaratory<-v->interrogatory,0
declared<-v->undeclared,2
decorous<-v->indecorous,0
deductible<-v->nondeductible,3
deep<-v->shallow,68
de_facto<-v->de_jure,0
defeasible<-v->indefeasible,0
defeated<-v->undefeated,0
defiant<-v->compliant,2
defined<-v->undefined,2
well-defined<-v->ill-defined,1
derived<-v->underived,1
inflected<-v->uninflected,0
definite<-v->indefinite,21
dehiscent<-v->indehiscent,0
dejected<-v->elated,1
delicate<-v->rugged,24
breakable<-v->unbreakable,1
demanding<-v->undemanding,4
imperative<-v->beseeching,2
democratic<-v->undemocratic,21
arbitrary<-v->nonarbitrary,8
demonstrative<-v->undemonstrative,0
deniable<-v->undeniable,2
denotative<-v->connotative,0
reliable<-v->unreliable,13
dependable<-v->undependable,5
dependent<-v->independent,38
partisan<-v->nonpartisan,0
aligned<-v->nonaligned,0
descriptive<-v->prescriptive,2
undescriptive<-v->descriptive,2
desirable<-v->undesirable,18
destroyed<-v->preserved,4
destructible<-v->indestructible,0
determinable<-v->indeterminable,1
determinate<-v->indeterminate,2
developed<-v->undeveloped,20
dextral<-v->sinistral,0
diabatic<-v->adiabatic,0
differentiated<-v->undifferentiated,4
difficult<-v->easy,132
digitigrade<-v->plantigrade,0
dignified<-v->undignified,3
statesmanlike<-v->unstatesmanlike,1
presidential<-v->unpresidential,8
dicotyledonous<-v->monocotyledonous,0
diligent<-v->negligent,2
diluted<-v->undiluted,1
diplomatic<-v->undiplomatic,3
conciliatory<-v->antagonistic,3
direct<-v->indirect,54
alternating<-v->direct,44
inverse<-v->direct,45
immediate<-v->mediate,11
discerning<-v->undiscerning,1
discreet<-v->indiscreet,0
discriminate<-v->indiscriminate,1
discriminating<-v->undiscriminating,1
disposable<-v->nondisposable,0
returnable<-v->nonreturnable,0
distal<-v->proximal,11
mesial<-v->distal,9
distinct<-v->indistinct,26
focused<-v->unfocused,0
diversified<-v->undiversified,3
divisible<-v->indivisible,0
documented<-v->undocumented,0
domineering<-v->submissive,5
servile<-v->unservile,1
dominant<-v->subordinate,53
recessive<-v->dominant,51
single-barreled<-v->double-barreled,0
double-breasted<-v->single-breasted,1
dramatic<-v->undramatic,18
actable<-v->unactable,0
theatrical<-v->untheatrical,2
drinkable<-v->undrinkable,1
intoxicated<-v->sober,11
sharp<-v->dull,58
eventful<-v->uneventful,0
lively<-v->dull,26
dynamic<-v->undynamic,3
eager<-v->uneager,20
eared<-v->earless,1
early<-v->middle,130
late<-v->early,165
earned<-v->unearned,2
uneasy<-v->easy,84
east<-v->west,15
western<-v->eastern,35
ectomorphic<-v->endomorphic,0
mesomorphic<-v->ectomorphic,0
edible<-v->inedible,0
educated<-v->uneducated,5
numerate<-v->innumerate,0
operative<-v->inoperative,1
effective<-v->ineffective,56
effortful<-v->effortless,1
efficacious<-v->inefficacious,1
efficient<-v->inefficient,10
forceful<-v->forceless,3
elastic<-v->inelastic,6
elective<-v->appointive,0
assigned<-v->unassigned,1
optional<-v->obligatory,0
elegant<-v->inelegant,2
eligible<-v->ineligible,6
emotional<-v->unemotional,28
empirical<-v->theoretical,12
applied<-v->theoretical,8
salaried<-v->freelance,0
employed<-v->unemployed,3
employable<-v->unemployable,0
enchanted<-v->disenchanted,1
encouraging<-v->discouraging,1
encumbered<-v->unencumbered,0
burdened<-v->unburdened,1
endocentric<-v->exocentric,0
endogamous<-v->exogamous,0
autogamous<-v->endogamous,0
endoergic<-v->exoergic,0
endothermic<-v->exothermic,0
endogenous<-v->exogenous,0
endogenic<-v->exogenic,0
end-stopped<-v->run-on,0
energetic<-v->lethargic,5
enfranchised<-v->disenfranchised,0
exportable<-v->unexportable,0
exploratory<-v->nonexploratory,1
inquiring<-v->uninquiring,2
increased<-v->decreased,30
reducible<-v->irreducible,1
enlightened<-v->unenlightened,2
enterprising<-v->unenterprising,3
enthusiastic<-v->unenthusiastic,10
desirous<-v->undesirous,0
entozoic<-v->epizoic,0
equal<-v->unequal,31
balanced<-v->unbalanced,10
hypertonic<-v->hypotonic,0
equivocal<-v->unequivocal,1
eradicable<-v->ineradicable,0
esoteric<-v->exoteric,1
essential<-v->inessential,40
dispensable<-v->indispensable,3
estimable<-v->contemptible,1
ethical<-v->unethical,6
complimentary<-v->uncomplimentary,1
flattering<-v->unflattering,0
euphemistic<-v->dysphemistic,0
euphoric<-v->dysphoric,1
even<-v->uneven,14
odd<-v->even,26
evergreen<-v->deciduous,0
exact<-v->inexact,15
convertible<-v->inconvertible,0
exchangeable<-v->unexchangeable,0
excitable<-v->unexcitable,0
excited<-v->unexcited,9
exciting<-v->unexciting,15
exculpatory<-v->inculpatory,0
exhaustible<-v->inexhaustible,1
exhausted<-v->unexhausted,6
existent<-v->nonexistent,4
extant<-v->extinct,1
expected<-v->unexpected,13
expedient<-v->inexpedient,1
expendable<-v->unexpendable,1
expensive<-v->cheap,24
experienced<-v->inexperienced,13
expired<-v->unexpired,0
explicable<-v->inexplicable,2
explicit<-v->implicit,10
exploited<-v->unexploited,0
expressible<-v->inexpressible,2
extensile<-v->nonextensile,0
extricable<-v->inextricable,1
bowed<-v->plucked,0
fingered<-v->fingerless,1
expansive<-v->unexpansive,0
extinguishable<-v->inextinguishable,0
external<-v->internal,26
outer<-v->inner,33
outward<-v->inward,8
exterior<-v->interior,3
eyed<-v->eyeless,2
playable<-v->unplayable,1
fair<-v->foul,16
unfair<-v->fair,14
equitable<-v->inequitable,4
faithful<-v->unfaithful,7
loyal<-v->disloyal,6
fallible<-v->infallible,1
familiar<-v->unfamiliar,29
strange<-v->familiar,81
fashionable<-v->unfashionable,3
stylish<-v->styleless,0
fast<-v->slow,45
fastidious<-v->unfastidious,2
fat<-v->thin,65
fatty<-v->nonfat,1
fatal<-v->nonfatal,10
curable<-v->incurable,1
fathomable<-v->unfathomable,0
favorable<-v->unfavorable,8
feathered<-v->unfeathered,1
felicitous<-v->infelicitous,0
fertile<-v->sterile,2
finished<-v->unfinished,7
finite<-v->infinite,19
opening<-v->closing,11
first<-v->last,488
intermediate<-v->terminal,12
second<-v->first,412
fissile<-v->nonfissile,0
fissionable<-v->nonfissionable,0
fit<-v->unfit,12
flat<-v->contrasty,21
flexible<-v->inflexible,7
uncompromising<-v->compromising,2
rigid<-v->nonrigid,9
adaptable<-v->unadaptable,1
campylotropous<-v->orthotropous,0
anatropous<-v->amphitropous,0
curly<-v->straight,26
footed<-v->footless,0
toed<-v->toeless,0
pigeon-toed<-v->splayfooted,1
fore<-v->aft,0
forehand<-v->backhand,0
native<-v->adopted,10
foreign<-v->native,43
nonnative<-v->native,8
domestic<-v->foreign,65
undomestic<-v->domestic,30
forgettable<-v->unforgettable,3
forgiving<-v->unforgiving,0
formal<-v->informal,22
former<-v->latter,97
fortunate<-v->unfortunate,18
fragrant<-v->malodorous,2
odorous<-v->odorless,0
scented<-v->scentless,4
free<-v->bound,62
fixed<-v->unfixed,23
unfree<-v->free,49
frequent<-v->infrequent,14
fresh<-v->stale,31
salty<-v->fresh,31
friendly<-v->unfriendly,29
hostile<-v->friendly,37
frozen<-v->unfrozen,7
fruitful<-v->unfruitful,1
full<-v->empty,120
drained<-v->undrained,0
full-time<-v->part-time,32
functional<-v->nonfunctional,5
functioning<-v->malfunctioning,1
organic<-v->functional,25
rigged<-v->unrigged,0
equipped<-v->unequipped,1
fledged<-v->unfledged,0
framed<-v->unframed,1
furnished<-v->unfurnished,1
funded<-v->unfunded,0
fueled<-v->unfueled,1
specified<-v->unspecified,6
geared<-v->ungeared,0
general<-v->specific,135
nonspecific<-v->specific,63
national<-v->local,130
endemic<-v->cosmopolitan,0
branchiate<-v->abranchiate,0
federal<-v->unitary,48
centralized<-v->decentralized,2
technical<-v->nontechnical,32
nonproprietary<-v->proprietary,0
generous<-v->stingy,4
ungenerous<-v->generous,4
genuine<-v->counterfeit,12
geocentric<-v->heliocentric,0
talented<-v->untalented,0
glazed<-v->unglazed,1
glorious<-v->inglorious,6
go<-v->no-go,0
good<-v->bad,314
evil<-v->good,266
good-natured<-v->ill-natured,1
graceful<-v->awkward,11
gracious<-v->ungracious,1
gradual<-v->sudden,40
steep<-v->gradual,12
grammatical<-v->ungrammatical,4
grateful<-v->ungrateful,11
haploid<-v->diploid,0
polyploid<-v->haploid,0
happy<-v->unhappy,46
regretful<-v->unregretful,0
hard<-v->soft,117
hardhearted<-v->softhearted,0
alcoholic<-v->nonalcoholic,0
harmless<-v->harmful,1
harmonious<-v->inharmonious,2
healthful<-v->unhealthful,2
medical<-v->surgical,34
operable<-v->inoperable,1
pyretic<-v->antipyretic,0
healthy<-v->unhealthy,20
dry<-v->phlegmy,19
heavenly<-v->earthly,1
digestible<-v->indigestible,1
headed<-v->headless,9
unheaded<-v->headed,7
heavy<-v->light,97
weighty<-v->weightless,0
light-duty<-v->heavy-duty,2
light-footed<-v->heavy-footed,3
heedless<-v->heedful,4
enabling<-v->disabling,3
helpful<-v->unhelpful,9
heterodactyl<-v->zygodactyl,0
heterogeneous<-v->homogeneous,11
homozygous<-v->heterozygous,7
heterosexual<-v->homosexual,1
bisexual<-v->heterosexual,0
hierarchical<-v->nonhierarchical,0
high<-v->low,306
raised<-v->lowered,7
high-tech<-v->low-tech,0
necked<-v->neckless,0
ceilinged<-v->floored,0
low-sudsing<-v->high-sudsing,2
low-interest<-v->high-interest,0
imitative<-v->nonimitative,2
echoic<-v->nonechoic,0
high-resolution<-v->low-resolution,1
high-rise<-v->low-rise,0
upland<-v->lowland,1
home<-v->away,11
homologous<-v->heterologous,0
autologous<-v->homologous,0
analogous<-v->homologous,6
gabled<-v->hipped,0
hipless<-v->hipped,0
honest<-v->dishonest,18
truthful<-v->untruthful,2
honorable<-v->dishonorable,1
hopeful<-v->hopeless,6
institutionalized<-v->noninstitutionalized,2
institutional<-v->noninstitutional,3
iodinating<-v->de-iodinating,5
consolable<-v->inconsolable,0
horizontal<-v->vertical,13
inclined<-v->horizontal,8
erect<-v->unerect,10
standing<-v->seated,10
running<-v->standing,5
passing<-v->running,4
hospitable<-v->inhospitable,2
amicable<-v->hostile,9
hot<-v->cold,110
vernal<-v->summery,1
autumnal<-v->wintry,1
human<-v->nonhuman,80
superhuman<-v->subhuman,1
humane<-v->inhumane,3
humorous<-v->humorless,9
hungry<-v->thirsty,9
hurried<-v->unhurried,4
identifiable<-v->unidentifiable,1
immanent<-v->transeunt,0
impaired<-v->unimpaired,2
important<-v->unimportant,155
impressive<-v->unimpressive,17
noticeable<-v->unnoticeable,3
improved<-v->unimproved,6
cleared<-v->uncleared,3
inaugural<-v->exaugural,2
inboard<-v->outboard,1
inbred<-v->outbred,0
disinclined<-v->inclined,4
incoming<-v->outgoing,3
inductive<-v->deductive,1
indulgent<-v->nonindulgent,2
industrial<-v->nonindustrial,25
infectious<-v->noninfectious,11
infernal<-v->supernal,3
informative<-v->uninformative,0
gnostic<-v->agnostic,0
informed<-v->uninformed,2
ingenuous<-v->disingenuous,0
inhabited<-v->uninhabited,1
inheritable<-v->noninheritable,0
inhibited<-v->uninhibited,1
injectable<-v->uninjectable,1
injured<-v->uninjured,7
innocent<-v->guilty,25
inspiring<-v->uninspiring,1
instructive<-v->uninstructive,1
edifying<-v->unedifying,1
enlightening<-v->unenlightening,0
integrated<-v->segregated,4
nonintegrated<-v->integrated,2
blended<-v->unblended,0
combined<-v->uncombined,1
integrative<-v->disintegrative,1
intellectual<-v->nonintellectual,4
intelligent<-v->unintelligent,13
intelligible<-v->unintelligible,5
intended<-v->unintended,4
designed<-v->undesigned,0
intensifying<-v->moderating,1
interspecies<-v->intraspecies,2
interested<-v->uninterested,26
interesting<-v->uninteresting,27
intramural<-v->extramural,0
intra_vires<-v->ultra_vires,0
intrinsic<-v->extrinsic,2
introspective<-v->extrospective,1
introversive<-v->extroversive,0
ambiversive<-v->introversive,0
intrusive<-v->unintrusive,1
protrusive<-v->intrusive,1
igneous<-v->aqueous,14
extrusive<-v->intrusive,1
invasive<-v->confined,0
noninvasive<-v->invasive,0
invigorating<-v->debilitating,2
inviting<-v->uninviting,2
in_vitro<-v->in_vivo,3
ironed<-v->unironed,0
wrinkled<-v->unwrinkled,1
isotropic<-v->anisotropic,3
glad<-v->sad,22
joyful<-v->sorrowful,2
joyous<-v->joyless,4
juicy<-v->juiceless,3
just<-v->unjust,5
merited<-v->unmerited,0
keyed<-v->keyless,0
kind<-v->unkind,5
knowable<-v->unknowable,0
known<-v->unknown,52
understood<-v->ununderstood,2
labeled<-v->unlabeled,2
lamented<-v->unlamented,0
laureled<-v->unlaureled,0
large<-v->small,378
big<-v->little,377
greater<-v->lesser,52
lawful<-v->unlawful,1
leaded<-v->unleaded,1
leaky<-v->tight,16
caulked<-v->uncaulked,0
leavened<-v->unleavened,1
leeward<-v->windward,0
legal<-v->illegal,24
legible<-v->illegible,0
deciphered<-v->undeciphered,0
biological<-v->adoptive,11
legitimate<-v->illegitimate,5
leptorrhine<-v->catarrhine,0
platyrrhine<-v->catarrhine,0
leptosporangiate<-v->eusporangiate,0
like<-v->unlike,38
alike<-v->unalike,2
likely<-v->unlikely,72
probable<-v->improbable,14
limbed<-v->limbless,0
limited<-v->unlimited,34
lineal<-v->collateral,0
nonlinear<-v->linear,7
lined<-v->unlined,7
listed<-v->unlisted,1
literal<-v->figurative,14
literate<-v->illiterate,5
recorded<-v->live,8
livable<-v->unlivable,1
liveried<-v->unliveried,0
loaded<-v->unloaded,11
loamy<-v->loamless,0
epidemic<-v->endemic,5
ecdemic<-v->endemic,0
gloved<-v->gloveless,1
hatted<-v->hatless,2
guided<-v->unguided,0
legged<-v->legless,1
logical<-v->illogical,11
extended<-v->unextended,5
mini<-v->midi,0
maxi<-v->mini,0
lossy<-v->lossless,0
long<-v->short,299
lengthwise<-v->crosswise,0
lidded<-v->lidless,0
constricted<-v->unconstricted,1
lost<-v->found,19
saved<-v->lost,19
won<-v->lost,18
loud<-v->soft,88
piano<-v->forte,0
hardened<-v->soft,38
lovable<-v->hateful,4
liked<-v->disliked,0
loved<-v->unloved,0
loving<-v->unloving,3
lowercase<-v->uppercase,0
lucky<-v->unlucky,13
lyric<-v->dramatic,22
made<-v->unmade,4
magnetic<-v->antimagnetic,5
geographic<-v->magnetic,6
nonmagnetic<-v->magnetic,5
major<-v->minor,100
majuscule<-v->minuscule,0
manageable<-v->unmanageable,0
manly<-v->unmanly,0
male<-v->female,22
androgynous<-v->male,8
manned<-v->unmanned,3
marked<-v->unmarked,18
branded<-v->unbranded,1
married<-v->unmarried,19
mated<-v->unmated,1
masculine<-v->feminine,8
womanly<-v->unwomanly,1
neuter<-v->masculine,3
matched<-v->mismatched,1
mature<-v->immature,11
ripe<-v->green,33
seasonal<-v->year-round,3
seasonable<-v->unseasonable,0
seasoned<-v->unseasoned,0
full-term<-v->premature,0
maximal<-v->minimal,26
maximum<-v->minimum,59
meaningful<-v->meaningless,12
measurable<-v->immeasurable,5
meaty<-v->meatless,1
mechanical<-v->nonmechanical,13
melodious<-v->unmelodious,1
tuneful<-v->tuneless,1
membered<-v->memberless,0
mined<-v->unmined,0
musical<-v->unmusical,23
melted<-v->unmelted,0
merciful<-v->merciless,4
metabolic<-v->ametabolic,1
mild<-v->intense,27
intensive<-v->extensive,17
involved<-v->uninvolved,28
military<-v->civilian,60
unmilitary<-v->military,52
mitigated<-v->unmitigated,0
tempered<-v->untempered,0
mobile<-v->immobile,2
portable<-v->unportable,3
removable<-v->irremovable,0
metallic<-v->nonmetallic,7
metamorphic<-v->nonmetamorphic,0
moderate<-v->immoderate,12
modern<-v->nonmodern,71
modest<-v->immodest,6
modified<-v->unmodified,2
modulated<-v->unmodulated,0
molar<-v->molecular,6
monoclinous<-v->diclinous,0
monoecious<-v->dioecious,0
monophonic<-v->polyphonic,1
monogamous<-v->polygamous,0
monolingual<-v->multilingual,0
monovalent<-v->polyvalent,0
univalent<-v->bivalent,1
multivalent<-v->univalent,1
monotonic<-v->nonmonotonic,0
moral<-v->immoral,12
licit<-v->illicit,1
principled<-v->unprincipled,0
many<-v->few,427
much<-v->little,394
more<-v->less,240
most<-v->least,104
fewer<-v->more,212
fewest<-v->most,102
mortal<-v->immortal,9
motivated<-v->unmotivated,3
motorized<-v->unmotorized,0
moved<-v->unmoved,2
moving<-v->unmoving,11
nonmoving<-v->moving,11
still<-v->moving,41
mown<-v->unmown,0
seamanlike<-v->unseamanlike,0
continental<-v->intercontinental,5
international<-v->national,107
interstate<-v->intrastate,1
natural<-v->unnatural,47
artificial<-v->natural,49
supernatural<-v->natural,46
ultimate<-v->proximate,25
necessary<-v->unnecessary,87
net<-v->gross,17
neurotic<-v->unneurotic,4
nice<-v->nasty,31
nidicolous<-v->nidifugous,0
noble<-v->ignoble,6
lowborn<-v->noble,6
normal<-v->abnormal,79
hypertensive<-v->hypotensive,0
normotensive<-v->hypertensive,0
paranormal<-v->normal,78
north<-v->south,20
northern<-v->southern,63
nosed<-v->noseless,1
noticed<-v->unnoticed,1
detected<-v->undetected,2
determined<-v->undetermined,10
noxious<-v->innocuous,0
obedient<-v->disobedient,5
obtrusive<-v->unobtrusive,0
objective<-v->subjective,19
obligated<-v->unobligated,2
obligate<-v->facultative,0
obvious<-v->unobvious,26
obstructed<-v->unobstructed,0
occupied<-v->unoccupied,5
offensive<-v->inoffensive,1
savory<-v->unsavory,1
defensive<-v->offensive,11
offending<-v->unoffending,0
apologetic<-v->unapologetic,1
official<-v->unofficial,15
confirmed<-v->unconfirmed,3
established<-v->unestablished,9
conditioned<-v->unconditioned,0
on-site<-v->off-site,1
offstage<-v->onstage,0
off-street<-v->on-street,0
old<-v->new,574
young<-v->old,317
one-piece<-v->two-piece,0
three-piece<-v->one-piece,0
on-line<-v->off-line,0
on<-v->off,10
onside<-v->offside,0
open<-v->shut,101
closed<-v->open,116
spaced<-v->unspaced,3
enclosed<-v->unenclosed,0
tanned<-v->untanned,1
tapped<-v->untapped,0
operational<-v->nonoperational,14
opportune<-v->inopportune,0
opposable<-v->unopposable,0
opposed<-v->unopposed,2
opposite<-v->alternate,30
optimistic<-v->pessimistic,3
aboral<-v->oral,6
actinal<-v->abactinal,0
orderly<-v->disorderly,6
ordered<-v->disordered,8
organized<-v->disorganized,9
unorganized<-v->organized,7
structured<-v->unstructured,24
ordinary<-v->extraordinary,47
inorganic<-v->organic,27
holistic<-v->atomistic,0
arranged<-v->disarranged,2
oriented<-v->unoriented,4
orienting<-v->disorienting,0
original<-v->unoriginal,30
orthodox<-v->unorthodox,9
outdoor<-v->indoor,10
outside<-v->inside,28
covered<-v->bare,16
coated<-v->uncoated,1
roofed<-v->roofless,0
leafy<-v->leafless,0
lipped<-v->lipless,1
overt<-v->covert,1
paid<-v->unpaid,8
painful<-v->painless,12
painted<-v->unpainted,3
delineated<-v->undelineated,0
paintable<-v->unpaintable,1
palatable<-v->unpalatable,0
palpable<-v->impalpable,1
parallel<-v->perpendicular,10
oblique<-v->parallel,12
pardonable<-v->unpardonable,1
excusable<-v->inexcusable,1
parental<-v->filial,1
partial<-v->impartial,7
particulate<-v->nonparticulate,4
passable<-v->impassable,1
passionate<-v->passionless,7
past<-v->present,132
future<-v->past,52
born<-v->unborn,6
parented<-v->unparented,0
paternal<-v->maternal,1
wifely<-v->husbandly,1
patient<-v->impatient,10
patriarchal<-v->matriarchal,1
patronized<-v->unpatronized,0
packaged<-v->unpackaged,0
paved<-v->unpaved,4
patriotic<-v->unpatriotic,5
peaceful<-v->unpeaceful,5
penitent<-v->impenitent,0
repentant<-v->unrepentant,1
perceptive<-v->unperceptive,2
perceptible<-v->imperceptible,1
perfect<-v->imperfect,20
perishable<-v->imperishable,0
permanent<-v->impermanent,13
persistent<-v->caducous,11
reversible<-v->irreversible,3
nonreversible<-v->reversible,2
revocable<-v->irrevocable,1
permissible<-v->impermissible,0
admissible<-v->inadmissible,1
permissive<-v->unpermissive,0
preventive<-v->permissive,1
perplexed<-v->unperplexed,2
personal<-v->impersonal,53
persuasive<-v->dissuasive,1
penetrable<-v->impenetrable,0
permeable<-v->impermeable,0
pervious<-v->impervious,1
petalous<-v->apetalous,0
puncturable<-v->punctureless,0
psychoactive<-v->nonpsychoactive,0
physical<-v->mental,60
monotheistic<-v->polytheistic,0
pious<-v->impious,2
secular<-v->religious,13
irreligious<-v->religious,13
placable<-v->implacable,2
plain<-v->patterned,13
fancy<-v->plain,16
planned<-v->unplanned,5
studied<-v->unstudied,0
plausible<-v->implausible,2
pleasant<-v->unpleasant,16
pleased<-v->displeased,13
pleasing<-v->displeasing,7
pointed<-v->pointless,2
obtuse<-v->acute,5
polished<-v->unpolished,2
politic<-v->impolitic,1
political<-v->nonpolitical,63
ponderable<-v->imponderable,0
popular<-v->unpopular,33
pro<-v->anti,12
positive<-v->negative,40
neutral<-v->positive,34
plus<-v->minus,0
possible<-v->impossible,202
potent<-v->impotent,9
powerful<-v->powerless,24
powered<-v->unpowered,0
high-tension<-v->low-tension,0
influential<-v->uninfluential,2
placental<-v->aplacental,0
planted<-v->unplanted,1
plowed<-v->unplowed,1
cultivated<-v->uncultivated,0
potted<-v->unpotted,0
practical<-v->impractical,25
precise<-v->imprecise,18
precocious<-v->retarded,2
predictable<-v->unpredictable,7
premeditated<-v->unpremeditated,1
prepared<-v->unprepared,17
prescription<-v->nonprescription,0
absent<-v->present,111
ostentatious<-v->unostentatious,1
pretentious<-v->unpretentious,1
primary<-v->secondary,42
basic<-v->incidental,63
private<-v->public,116
exclusive<-v->inclusive,8
privileged<-v->underprivileged,6
productive<-v->unproductive,10
generative<-v->consumptive,3
reproducible<-v->unreproducible,5
professional<-v->nonprofessional,34
unprofessional<-v->professional,34
profitable<-v->unprofitable,4
profound<-v->superficial,24
prognathous<-v->opisthognathous,0
progressive<-v->regressive,6
pronounceable<-v->unpronounceable,0
proper<-v->improper,38
prophetic<-v->unprophetic,3
prospective<-v->retrospective,6
protected<-v->unprotected,1
protective<-v->unprotective,10
proud<-v->humble,20
proved<-v->unproved,1
provident<-v->improvident,0
provocative<-v->unprovocative,1
prudent<-v->imprudent,0
punctual<-v->unpunctual,0
punished<-v->unpunished,1
punitive<-v->rehabilitative,1
purebred<-v->crossbred,0
pure<-v->impure,23
contaminated<-v->uncontaminated,0
purposeful<-v->purposeless,2
qualified<-v->unqualified,6
trained<-v->untrained,8
qualitative<-v->quantitative,10
questionable<-v->unquestionable,2
noisy<-v->quiet,32
restful<-v->restless,3
unquiet<-v->quiet,28
random<-v->nonrandom,5
rational<-v->irrational,7
cerebral<-v->emotional,31
racial<-v->nonracial,7
reactive<-v->unreactive,0
ready<-v->unready,66
real<-v->unreal,77
nominal<-v->real,78
realistic<-v->unrealistic,13
reasonable<-v->unreasonable,30
reciprocal<-v->nonreciprocal,7
refined<-v->unrefined,3
processed<-v->unprocessed,1
treated<-v->untreated,2
oiled<-v->unoiled,1
recoverable<-v->unrecoverable,1
regenerate<-v->unregenerate,0
registered<-v->unregistered,0
regular<-v->irregular,41
regulated<-v->unregulated,1
remediable<-v->irremediable,1
renewable<-v->unrenewable,0
rentable<-v->unrentable,0
reparable<-v->irreparable,2
repeatable<-v->unrepeatable,0
quotable<-v->unquotable,0
repetitive<-v->nonrepetitive,1
printable<-v->unprintable,1
requested<-v->unrequested,0
rhymed<-v->unrhymed,0
uniform<-v->multiform,6
periodic<-v->aperiodic,5
related<-v->unrelated,26
relevant<-v->irrelevant,17
mindful<-v->unmindful,3
replaceable<-v->irreplaceable,0
representational<-v->nonrepresentational,2
representative<-v->nonrepresentative,4
reputable<-v->disreputable,4
receptive<-v->unreceptive,1
reconcilable<-v->irreconcilable,1
reserved<-v->unreserved,0
resistible<-v->irresistible,1
resolute<-v->irresolute,2
respectable<-v->unrespectable,12
respectful<-v->disrespectful,3
responsible<-v->irresponsible,12
responsive<-v->unresponsive,1
restrained<-v->unrestrained,3
restricted<-v->unrestricted,5
restrictive<-v->unrestrictive,2
retentive<-v->unretentive,1
reticulate<-v->nonreticulate,3
retractile<-v->nonretractile,0
reflective<-v->nonreflective,3
reflected<-v->unreflected,0
reverberant<-v->unreverberant,0
reverent<-v->irreverent,0
revived<-v->unrevived,0
awakened<-v->unawakened,2
awed<-v->unawed,3
revolutionary<-v->counterrevolutionary,7
rewarding<-v->unrewarding,2
rhetorical<-v->unrhetorical,0
rhythmical<-v->unrhythmical,1
ribbed<-v->ribless,0
rich<-v->poor,61
moneyed<-v->moneyless,0
solvent<-v->insolvent,0
lean<-v->rich,34
rimmed<-v->rimless,1
handed<-v->handless,1
handled<-v->handleless,1
right-handed<-v->left-handed,0
ambidextrous<-v->right-handed,0
left<-v->center,52
horned<-v->hornless,0
righteous<-v->unrighteous,1
robust<-v->frail,5
round<-v->square,21
rounded<-v->angular,5
oblate<-v->prolate,0
rural<-v->urban,32
rusted<-v->rustless,1
holy<-v->unholy,2
sacred<-v->profane,7
sadistic<-v->masochistic,1
safe<-v->dangerous,49
out<-v->safe,32
salable<-v->unsalable,1
same<-v->different,378
other<-v->same,737
similar<-v->dissimilar,68
sane<-v->insane,14
satiate<-v->insatiate,0
sarcastic<-v->unsarcastic,4
satisfactory<-v->unsatisfactory,27
scalable<-v->unscalable,0
scholarly<-v->unscholarly,2
scientific<-v->unscientific,26
scrupulous<-v->unscrupulous,2
conscientious<-v->unconscientious,2
sealed<-v->unsealed,0
wrapped<-v->unwrapped,3
seaworthy<-v->unseaworthy,0
airworthy<-v->unairworthy,0
concealed<-v->unconcealed,3
concealing<-v->revealing,1
sectarian<-v->nonsectarian,0
secure<-v->insecure,5
fastened<-v->unfastened,2
insured<-v->uninsured,1
seductive<-v->unseductive,1
selfish<-v->unselfish,4
senior<-v->junior,9
sensational<-v->unsensational,6
sensible<-v->insensible,3
sensitive<-v->insensitive,21
sensitizing<-v->desensitizing,0
sensory<-v->extrasensory,7
sent<-v->unsent,0
separate<-v->joint,27
sanitary<-v->unsanitary,0
septic<-v->antiseptic,5
germfree<-v->germy,0
adulterating<-v->purifying,0
serious<-v->frivolous,49
playful<-v->unplayful,1
selected<-v->unselected,2
serviceable<-v->unserviceable,2
resident<-v->nonresident,5
settled<-v->unsettled,5
migratory<-v->nonmigratory,0
sexy<-v->unsexy,1
sexual<-v->asexual,17
castrated<-v->uncastrated,0
aphrodisiac<-v->anaphrodisiac,0
estrous<-v->anestrous,0
shapely<-v->unshapely,1
breasted<-v->breastless,0
formed<-v->unformed,0
shared<-v->unshared,2
shaven<-v->unshaven,2
sheared<-v->unsheared,0
sheathed<-v->unsheathed,0
shockable<-v->unshockable,0
shod<-v->unshod,2
calced<-v->discalced,0
nearsighted<-v->farsighted,1
shrinkable<-v->unshrinkable,0
sighted<-v->blind,18
signed<-v->unsigned,4
significant<-v->insignificant,36
nonsignificant<-v->significant,32
silenced<-v->unsilenced,1
simple<-v->compound,73
complex<-v->simple,101
sincere<-v->insincere,6
singular<-v->plural,5
cardinal<-v->ordinal,3
scripted<-v->unscripted,0
sinkable<-v->unsinkable,0
single<-v->multiple,80
double<-v->single,88
multiple-choice<-v->true-false,1
single-lane<-v->multilane,0
sized<-v->unsized,2
skilled<-v->unskilled,11
verbal<-v->numerical,13
coarse<-v->fine,15
smoky<-v->smokeless,0
slippery<-v->nonslippery,3
lubricated<-v->unlubricated,0
smooth<-v->rough,37
furrowed<-v->unfurrowed,0
rifled<-v->unrifled,0
social<-v->unsocial,92
accompanied<-v->unaccompanied,3
gregarious<-v->ungregarious,2
seamed<-v->seamless,0
seeded<-v->unseeded,0
seedy<-v->seedless,0
shuttered<-v->unshuttered,0
sleeved<-v->sleeveless,0
sociable<-v->unsociable,0
sold<-v->unsold,1
soled<-v->soleless,1
solid<-v->liquid,53
gaseous<-v->solid,33
hollow<-v->solid,35
soluble<-v->insoluble,10
solved<-v->unsolved,4
some<-v->no,272
all<-v->some,387
sophisticated<-v->naive,16
sound<-v->unsound,13
effervescent<-v->noneffervescent,0
sparkling<-v->still,32
specialized<-v->unspecialized,6
spinous<-v->spineless,1
spirited<-v->spiritless,3
spontaneous<-v->induced,9
spoken<-v->written,11
voiced<-v->unvoiced,1
unwritten<-v->written,10
vocalic<-v->consonantal,5
stoppable<-v->unstoppable,0
syllabic<-v->nonsyllabic,0
accentual<-v->quantitative,5
stable<-v->unstable,15
staccato<-v->legato,1
staged<-v->unstaged,0
standard<-v->nonstandard,19
starchy<-v->starchless,0
starry<-v->starless,0
nourished<-v->malnourished,1
steady<-v->unsteady,11
stemmed<-v->stemless,1
stimulating<-v->unstimulating,1
depressant<-v->stimulative,0
stomatous<-v->astomatous,0
crooked<-v->straight,26
curved<-v->straight,29
coiled<-v->uncoiled,0
stressed<-v->unstressed,5
tonic<-v->atonic,0
strong<-v->weak,88
stubborn<-v->docile,8
insubordinate<-v->subordinate,2
successful<-v->unsuccessful,46
sufficient<-v->insufficient,33
sugary<-v->sugarless,0
superior<-v->inferior,24
superjacent<-v->subjacent,0
superscript<-v->subscript,0
adscript<-v->superscript,0
supervised<-v->unsupervised,0
supported<-v->unsupported,0
assisted<-v->unassisted,2
supportive<-v->unsupportive,5
surmountable<-v->insurmountable,1
surprised<-v->unsurprised,15
surprising<-v->unsurprising,11
susceptible<-v->unsusceptible,2
impressionable<-v->unimpressionable,0
exempt<-v->nonexempt,2
scheduled<-v->unscheduled,1
sweet<-v->dry,42
sour<-v->sweet,24
soured<-v->unsoured,0
suspected<-v->unsuspected,0
swept<-v->unswept,0
sworn<-v->unsworn,1
symmetrical<-v->asymmetrical,2
actinomorphic<-v->zygomorphic,0
sympathetic<-v->unsympathetic,24
sympatric<-v->allopatric,0
synchronic<-v->diachronic,1
synchronous<-v->asynchronous,1
syndetic<-v->asyndetic,0
synonymous<-v->antonymous,1
systematic<-v->unsystematic,2
taciturn<-v->voluble,0
tactful<-v->tactless,0
tall<-v->short,147
tame<-v->wild,43
tangible<-v->intangible,2
tasteful<-v->tasteless,1
tasty<-v->tasteless,0
taxable<-v->nontaxable,1
temperate<-v->intemperate,0
tense<-v->lax,1
relaxed<-v->tense,2
territorial<-v->extraterritorial,2
nonterritorial<-v->territorial,2
thermoplastic<-v->thermosetting,0
thick<-v->thin,81
thinkable<-v->unthinkable,0
thoughtful<-v->thoughtless,7
thrifty<-v->wasteful,4
tidy<-v->untidy,0
groomed<-v->ungroomed,1
combed<-v->uncombed,0
timbered<-v->untimbered,2
toned<-v->toneless,1
tongued<-v->tongueless,1
tipped<-v->untipped,1
tired<-v->rested,9
tolerable<-v->intolerable,3
tolerant<-v->intolerant,5
tonal<-v->atonal,7
toothed<-v->toothless,0
top<-v->bottom,11
side<-v->top,17
topped<-v->topless,1
bottomed<-v->bottomless,1
top-down<-v->bottom-up,0
equatorial<-v->polar,4
testate<-v->intestate,0
touched<-v->untouched,2
tough<-v->tender,29
toxic<-v->nontoxic,3
tractable<-v->intractable,2
table_d'hote<-v->a_la_carte,0
traceable<-v->untraceable,1
tracked<-v->trackless,0
traveled<-v->untraveled,2
trimmed<-v->untrimmed,0
troubled<-v->untroubled,2
true<-v->false,98
trustful<-v->distrustful,0
trustworthy<-v->untrustworthy,2
tubed<-v->tubeless,0
tucked<-v->untucked,0
turned<-v->unturned,5
typical<-v->atypical,29
underhand<-v->overhand,1
surface<-v->subsurface,3
overhead<-v->surface,6
submersible<-v->nonsubmersible,0
tearful<-v->tearless,0
union<-v->nonunion,4
uniparous<-v->multiparous,0
unipolar<-v->bipolar,0
united<-v->divided,5
adnate<-v->connate,0
univalve<-v->bivalve,0
ascending<-v->descending,3
rising<-v->falling,4
climactic<-v->anticlimactic,0
upmarket<-v->downmarket,0
transitive<-v->intransitive,0
translatable<-v->untranslatable,0
ungulate<-v->unguiculate,0
up<-v->down,20
upstage<-v->downstage,0
upstairs<-v->downstairs,5
upstream<-v->downstream,1
uptown<-v->downtown,13
used<-v->misused,7
useful<-v->useless,23
utopian<-v->dystopian,26
valid<-v->invalid,5
valuable<-v->worthless,22
variable<-v->invariable,10
varied<-v->unvaried,11
veiled<-v->unveiled,3
ventilated<-v->unventilated,1
vertebrate<-v->invertebrate,0
violable<-v->inviolable,0
violent<-v->nonviolent,10
virtuous<-v->wicked,4
visible<-v->invisible,21
viviparous<-v->oviparous,0
ovoviviparous<-v->viviparous,0
volatile<-v->nonvolatile,3
voluntary<-v->involuntary,2
vulnerable<-v->invulnerable,9
wanted<-v->unwanted,2
warm<-v->cool,66
warm-blooded<-v->cold-blooded,1
warmhearted<-v->coldhearted,0
washable<-v->nonwashable,0
waxed<-v->unwaxed,1
waxing<-v->waning,0
increasing<-v->decreasing,15
inflationary<-v->deflationary,0
weaned<-v->unweaned,0
wearable<-v->unwearable,0
weedy<-v->weedless,0
welcome<-v->unwelcome,6
well<-v->ill,16
wet<-v->dry,42
hydrous<-v->anhydrous,2
wheeled<-v->wheelless,0
white-collar<-v->blue-collar,4
wholesome<-v->unwholesome,2
wide<-v->narrow,84
wieldy<-v->unwieldy,0
wigged<-v->wigless,0
willing<-v->unwilling,23
winged<-v->wingless,0
wired<-v->wireless,1
wise<-v->foolish,21
wooded<-v->unwooded,1
woody<-v->nonwoody,0
worldly<-v->unworldly,1
woven<-v->unwoven,1
worn<-v->new,369
worthy<-v->unworthy,15
xeric<-v->hydric,0
mesic<-v->xeric,0
zonal<-v->azonal,0
acrocarpous<-v->pleurocarpous,0
cursorial<-v->fossorial,0
homocercal<-v->heterocercal,0
webbed<-v->unwebbed,0
faceted<-v->unfaceted,0
ipsilateral<-v->contralateral,0
salient<-v->re-entrant,3
proactive<-v->retroactive,0
rh-positive<-v->rh-negative,0
categorematic<-v->syncategorematic,0
idiographic<-v->nomothetic,0
pro-choice<-v->pro-life,0
baptized<-v->unbaptized,0
malignant<-v->benign,0
calcicolous<-v->calcifugous,0
invertible<-v->non-invertible,0
immunocompetent<-v->immunodeficient,0
allogeneic<-v->xenogeneic,0
long-spurred<-v->short-spurred,0
shelled<-v->unshelled,0
jawed<-v->jawless,0
skinned<-v->skinless,0
flowering<-v->flowerless,0
abient<-v->adient,0
anodic<-v->cathodic,0
autotrophic<-v->heterotrophic,0
bracteate<-v->ebracteate,0
extracellular<-v->intracellular,0
cenobitic<-v->eremitic,0
cenogenetic<-v->palingenetic,0
chromatinic<-v->achromatinic,0
directional<-v->omnidirectional,1
dysgenic<-v->eugenic,1
febrile<-v->afebrile,0
fictional<-v->nonfictional,10
fretted<-v->unfretted,0
harmonic<-v->nonharmonic,1
ionic<-v->nonionic,4
myelinated<-v->unmyelinated,0
paradigmatic<-v->syntagmatic,0
passerine<-v->nonpasserine,0
photosynthetic<-v->nonphotosynthetic,0
ruminant<-v->nonruminant,0
spherical<-v->nonspherical,6
steroidal<-v->nonsteroidal,0
suppurative<-v->nonsuppurative,0
unthematic<-v->thematic,2
thermal<-v->nonthermal,27
vocal<-v->instrumental,5
hydrostatic<-v->hydrokinetic,0
spatial<-v->nonspatial,8
linguistic<-v->nonlinguistic,9
caudal<-v->cephalic,0
financial<-v->nonfinancial,22
eukaryotic<-v->prokaryotic,0
eucaryotic<-v->procaryotic,0
vascular<-v->avascular,3
uninucleate<-v->multinucleate,0
nonsurgical<-v->surgical,0
endocrine<-v->exocrine,0
historical<-v->ahistorical,21
anti-American<-v->pro-American,0
anionic<-v->cationic,2
accusatorial<-v->inquisitorial,0
prenuptial<-v->postnuptial,0
interdepartmental<-v->intradepartmental,2
homeopathic<-v->allopathic,0
nontranslational<-v->translational,0
avenged<-v->unavenged,0
collected<-v->uncollected,0
gathered<-v->ungathered,0
contested<-v->uncontested,0
filled<-v->unfilled,26
malted<-v->unmalted,0
posed<-v->unposed,0
saponified<-v->unsaponified,0
